<?xml version="1.0" encoding="UTF-8" standalone="yes"?>
<addon id="plugin.program.kodied" name="kodied wizard" version="0.0.1" provider-name="kodied">
  <requires>
    <import addon="xbmc.python" version="2.1.0"/>
  </requires>
  <extension point="xbmc.python.pluginsource" library="default.py">
    <provides>executable</provides>
  </extension>
  <extension point="xbmc.service" library="startup.py" start="startup" />
  <extension point="xbmc.addon.metadata">
    <summary lang="en">Wizard</summary>
    <description lang="en">kodied canal de telegram para Novedades @kodied.</description>
    <platform>all</platform>
  </extension>
</addon>